[
  {
    "标题": "前端与移动开发在职加薪课",
    "标题链接": "https://www.feimaoke.com/8477.html",
    "图片": "https://www.feimaoke.com/wp-content/uploads/2020/09/5e8d3f4a08c81ed506000338-360-202.jpg",
    "时间": " 1周前",
    "查看": " 323",
    "价格": " 20 猫币"
  },
  {
    "标题": "前端Vue3.0从0到1手把手撸码搭建管理后台系统",
    "标题链接": "https://www.feimaoke.com/8474.html",
    "图片": "https://www.feimaoke.com/wp-content/uploads/2021/03/5d3864c0ea00abc297dac7e59aef9850780def2d.jpg",
    "时间": " 1周前",
    "查看": " 135",
    "价格": " 10 猫币"
  },
  {
    "标题": "超一线前端架构师带队-实战前端千万级金融项目实战 非常火热的金融项目分解教学视频",
    "标题链接": "https://www.feimaoke.com/8458.html",
    "图片": "https://www.feimaoke.com/wp-content/uploads/2021/03/210203054952943.png",
    "时间": " 1周前",
    "查看": " 104",
    "价格": " 10 猫币"
  },
  {
    "标题": "开课吧Web全栈工程师第20期",
    "标题链接": "https://www.feimaoke.com/8155.html",
    "图片": "https://www.feimaoke.com/wp-content/uploads/2020/10/5d2e7ada09946f6f12000676-360-202.jpg",
    "时间": " 02-21",
    "查看": " 380",
    "价格": " 20 猫币"
  },
  {
    "标题": "Vue源码解析系列完美收官",
    "标题链接": "https://www.feimaoke.com/8142.html",
    "图片": "https://www.feimaoke.com/wp-content/uploads/2021/02/42829.png",
    "时间": " 02-21",
    "查看": " 208",
    "价格": " 10 猫币"
  },
  {
    "标题": "2021年 前端Node.Js入门到实战",
    "标题链接": "https://www.feimaoke.com/8137.html",
    "图片": "https://www.feimaoke.com/wp-content/uploads/2020/06/5ea0118b0948c90a12000676-360-202.jpg",
    "时间": " 02-21",
    "查看": " 201",
    "价格": " 10 猫币"
  },
  {
    "标题": "React 17 系统精讲 结合TS打造旅游电商平台",
    "标题链接": "https://www.feimaoke.com/8067.html",
    "图片": "https://www.feimaoke.com/wp-content/uploads/2021/02/5feb016d097497d905400304.jpg",
    "时间": " 02-03",
    "查看": " 578",
    "价格": " 20 猫币"
  },
  {
    "标题": "前端全链路性能优化实战",
    "标题链接": "https://www.feimaoke.com/8057.html",
    "图片": "https://www.feimaoke.com/wp-content/uploads/2020/11/5b4421010001ff1805400300-360-202.jpg",
    "时间": " 02-03",
    "查看": " 241",
    "价格": " 10 猫币"
  },
  {
    "标题": "2021必修 React17+React Hook+TS4 最佳实践，仿 Jira 企业级项目",
    "标题链接": "https://www.feimaoke.com/8016.html",
    "图片": "https://www.feimaoke.com/wp-content/uploads/2021/01/5ffd1b25092ab63605400306.jpg",
    "时间": " 01-25",
    "查看": " 1119",
    "价格": " 30 猫币"
  },
  {
    "标题": "尚硅谷Vue3.0新特性教程",
    "标题链接": "https://www.feimaoke.com/7912.html",
    "图片": "https://www.feimaoke.com/wp-content/uploads/2021/01/35.png",
    "时间": " 01-14",
    "查看": " 266",
    "价格": " 10 猫币"
  },
  {
    "标题": "JavaScript面向对象编程(实战+案例)",
    "标题链接": "https://www.feimaoke.com/7904.html",
    "图片": "https://www.feimaoke.com/wp-content/uploads/2021/01/unnamed-file.jpg",
    "时间": " 01-14",
    "查看": " 308",
    "价格": " 10 猫币"
  },
  {
    "标题": "金职位-前端工程师",
    "标题链接": "https://www.feimaoke.com/7822.html",
    "图片": "https://www.feimaoke.com/wp-content/uploads/2021/01/5fbcbca4093e51f306960344.jpg",
    "时间": " 01-05",
    "查看": " 969",
    "价格": " 50 猫币"
  },
  {
    "标题": "爪哇教育前端：Web全栈工程师班",
    "标题链接": "https://www.feimaoke.com/7722.html",
    "图片": "https://www.feimaoke.com/wp-content/uploads/2020/12/161517z0pq3qv4vqnnvnhz.png",
    "时间": " 12-29",
    "查看": " 514",
    "价格": " 50 猫币"
  },
  {
    "标题": "极客大学-前端进阶训练营【2020最新版】",
    "标题链接": "https://www.feimaoke.com/7718.html",
    "图片": "https://www.feimaoke.com/wp-content/uploads/2020/12/231512csm1ussbsd1spqqp.png",
    "时间": " 12-29",
    "查看": " 628",
    "价格": " 10 猫币"
  },
  {
    "标题": "黑马web前端开发全套视频教程基础班+就业班",
    "标题链接": "https://www.feimaoke.com/7633.html",
    "图片": "https://www.feimaoke.com/wp-content/uploads/2020/06/5ea0118b0948c90a12000676-360-202.jpg",
    "时间": " 12-22",
    "查看": " 300",
    "价格": " 10 猫币"
  },
  {
    "标题": "【叩丁狼教育】基于VantUI的Vue移动端电商项目实战",
    "标题链接": "https://www.feimaoke.com/7535.html",
    "图片": "https://www.feimaoke.com/wp-content/uploads/2020/12/4bbd5e734a8fe46a66df92173dea5fe54c472d82.png",
    "时间": " 12-14",
    "查看": " 336",
    "价格": " 10 猫币"
  },
  {
    "标题": "用 React.js+Egg.js 造轮子 全栈开发旅游电商应用",
    "标题链接": "https://www.feimaoke.com/7460.html",
    "图片": "https://www.feimaoke.com/wp-content/uploads/2020/12/5fc0639b091e70bf05400304.jpg",
    "时间": " 12-03",
    "查看": " 423",
    "价格": " 20 猫币"
  },
  {
    "标题": "Vue3.0+TS打造企业级组件库 前端中高级开发者必修课",
    "标题链接": "https://www.feimaoke.com/7387.html",
    "图片": "https://www.feimaoke.com/wp-content/uploads/2020/11/5fa534d30922006105400304.jpg",
    "时间": " 11-25",
    "查看": " 764",
    "价格": " 30 猫币"
  },
  {
    "标题": "微信授权扫码点餐-新特性React16",
    "标题链接": "https://www.feimaoke.com/7269.html",
    "图片": "https://www.feimaoke.com/wp-content/uploads/2020/11/6edf88a7a17b4b168a906127bef3f957.png",
    "时间": " 11-16",
    "查看": " 311",
    "价格": " 10 猫币"
  },
  {
    "标题": "前端性能优化 掌握行业实用、专业、前沿的解决方案",
    "标题链接": "https://www.feimaoke.com/7160.html",
    "图片": "https://www.feimaoke.com/wp-content/uploads/2020/11/5f1eafb709e18bf912000676-360-202.jpg",
    "时间": " 11-03",
    "查看": " 1029",
    "价格": " 20 猫币"
  },
  {
    "标题": "2019web开发全套，基础班+就业班+项目实战+面试宝典+开发工具",
    "标题链接": "https://www.feimaoke.com/7152.html",
    "图片": "https://www.feimaoke.com/wp-content/uploads/2020/11/u2679037313918179808fm26gp0.jpg",
    "时间": " 11-03",
    "查看": " 349",
    "价格": " 10 猫币"
  },
  {
    "标题": "133G全新企业级前端全栈开发全量课程 Web前端开发最佳实践 实战前端这套课程就够了",
    "标题链接": "https://www.feimaoke.com/7139.html",
    "图片": "https://www.feimaoke.com/wp-content/uploads/2020/11/5c0886650001e7b106000338-360-202.jpg",
    "时间": " 11-03",
    "查看": " 457",
    "价格": " 20 猫币"
  },
  {
    "标题": "新黑马程序员前端课程",
    "标题链接": "https://www.feimaoke.com/7052.html",
    "图片": "https://www.feimaoke.com/wp-content/uploads/2020/10/5b0cb5df00016e5405400300-360-202-1.jpg",
    "时间": " 10-26",
    "查看": " 325",
    "价格": " 10 猫币"
  },
  {
    "标题": "JavaScript的最佳实践-腾讯顶级架构师JavaScript引航课程 JavaScript完美学习课程",
    "标题链接": "https://www.feimaoke.com/6928.html",
    "图片": "https://www.feimaoke.com/wp-content/uploads/2020/10/5c9dfe8d08cfab1106000338-360-202.jpg",
    "时间": " 10-16",
    "查看": " 291",
    "价格": " 10 猫币"
  },
  {
    "标题": "Vue3.0（正式版） + TS 仿知乎专栏企业级项目",
    "标题链接": "https://www.feimaoke.com/6836.html",
    "图片": "https://www.feimaoke.com/wp-content/uploads/2020/10/5f65f20c08d369bb06000338-360-202.jpg",
    "时间": " 10-08",
    "查看": " 590",
    "价格": " 30 猫币"
  },
  {
    "标题": "优品购电商3.0项目",
    "标题链接": "https://www.feimaoke.com/6823.html",
    "图片": "https://www.feimaoke.com/wp-content/uploads/2020/10/5a7441e30001d4f805400300-360-202.jpg",
    "时间": " 10-08",
    "查看": " 376",
    "价格": " 10 猫币"
  },
  {
    "标题": "最新黑马前端双元基础班(2.0整理版)",
    "标题链接": "https://www.feimaoke.com/6730.html",
    "图片": "https://www.feimaoke.com/wp-content/uploads/2020/09/1-2.png",
    "时间": " 09-24",
    "查看": " 295",
    "价格": " 10 猫币"
  },
  {
    "标题": "2020年最新 零基础前端训练营教程",
    "标题链接": "https://www.feimaoke.com/6597.html",
    "图片": "https://www.feimaoke.com/wp-content/uploads/2020/09/5e8d3f4a08c81ed506000338-360-202.jpg",
    "时间": " 09-16",
    "查看": " 329",
    "价格": " 10 猫币"
  },
  {
    "标题": "开课吧web全栈架构师第16期(2020完结)",
    "标题链接": "https://www.feimaoke.com/6553.html",
    "图片": "https://www.feimaoke.com/wp-content/uploads/2020/09/20200904115429159919166935015.png",
    "时间": " 09-07",
    "查看": " 895",
    "价格": " 20 猫币"
  },
  {
    "标题": "2020年最新 线上4班Web",
    "标题链接": "https://www.feimaoke.com/6538.html",
    "图片": "https://www.feimaoke.com/wp-content/uploads/2020/09/1.jpg",
    "时间": " 09-07",
    "查看": " 269",
    "价格": " 10 猫币"
  },
  {
    "标题": "2020年最新 Vue+Spring 旅游项目",
    "标题链接": "https://www.feimaoke.com/6528.html",
    "图片": "https://www.feimaoke.com/wp-content/uploads/2020/09/5aab7f270001909810800600-360-202.jpg",
    "时间": " 09-07",
    "查看": " 395",
    "价格": " 10 猫币"
  },
  {
    "标题": "腾讯Vue实战问卷网站视频教程",
    "标题链接": "https://www.feimaoke.com/6462.html",
    "图片": "https://www.feimaoke.com/wp-content/uploads/2020/08/1-6.jpg",
    "时间": " 08-27",
    "查看": " 281",
    "价格": " 10 猫币"
  },
  {
    "标题": "这样学ECMAScript6才能玩转JS教程",
    "标题链接": "https://www.feimaoke.com/6456.html",
    "图片": "https://www.feimaoke.com/wp-content/uploads/2020/08/1-5.jpg",
    "时间": " 08-27",
    "查看": " 392",
    "价格": " 10 猫币"
  },
  {
    "标题": "【讲的最逻辑清晰】Boss直聘app Vue项目",
    "标题链接": "https://www.feimaoke.com/6419.html",
    "图片": "https://www.feimaoke.com/wp-content/uploads/2020/08/1-3.jpg",
    "时间": " 08-19",
    "查看": " 460",
    "价格": " 10 猫币"
  },
  {
    "标题": "仿腾讯云课堂Vue项目视频教程",
    "标题链接": "https://www.feimaoke.com/6404.html",
    "图片": "https://www.feimaoke.com/wp-content/uploads/2020/08/5d2e7ada09946f6f12000676-360-202.jpg",
    "时间": " 08-19",
    "查看": " 470",
    "价格": " 10 猫币"
  },
  {
    "标题": "36个JavaScript特效教程，学完即精通",
    "标题链接": "https://www.feimaoke.com/6361.html",
    "图片": "https://www.feimaoke.com/wp-content/uploads/2020/08/20200806_5f2b797f3bbd2.png",
    "时间": " 08-11",
    "查看": " 369",
    "价格": " 10 猫币"
  },
  {
    "标题": "2019传智黑马前端（8月新版）",
    "标题链接": "https://www.feimaoke.com/6307.html",
    "图片": "https://www.feimaoke.com/wp-content/uploads/2020/07/5d43953c09c0247612000676-360-202.jpg",
    "时间": " 07-31",
    "查看": " 587",
    "价格": " 10 猫币"
  },
  {
    "标题": "2020年最新从基础到实战，手把手教你做出一个黑马电影WebApp",
    "标题链接": "https://www.feimaoke.com/6302.html",
    "图片": "https://www.feimaoke.com/wp-content/uploads/2020/07/5df8852609e0762d12000676-360-202.jpg",
    "时间": " 07-31",
    "查看": " 345",
    "价格": " 10 猫币"
  },
  {
    "标题": "2020年最新 电商系统前后端开发教程（VUE+Element UI+Vue Element Admin+SSM+微信支付）",
    "标题链接": "https://www.feimaoke.com/6297.html",
    "图片": "https://www.feimaoke.com/wp-content/uploads/2020/07/5a6e7fdf0001e7bb05400300-360-202.jpg",
    "时间": " 07-31",
    "查看": " 723",
    "价格": " 10 猫币"
  },
  {
    "标题": "uni-app入门到实战 以项目为导向 掌握完整开发流程",
    "标题链接": "https://www.feimaoke.com/6209.html",
    "图片": "https://www.feimaoke.com/wp-content/uploads/2020/07/5e98339809ac343012000676-360-202.jpg",
    "时间": " 07-21",
    "查看": " 853",
    "价格": " 20 猫币"
  },
  {
    "标题": "体系课-数据可视化入门到精通-打造前端差异化竞争力",
    "标题链接": "https://www.feimaoke.com/6142.html",
    "图片": "https://www.feimaoke.com/wp-content/uploads/2020/07/5ed0bbc908af61c706000338-360-202.jpg",
    "时间": " 07-10",
    "查看": " 1366",
    "价格": " 30 猫币"
  },
  {
    "标题": "JavaScript版数据结构与算法 轻松解决前端算法面试",
    "标题链接": "https://www.feimaoke.com/6138.html",
    "图片": "https://www.feimaoke.com/wp-content/uploads/2020/07/5edf24fd081fde7906000338-360-202.jpg",
    "时间": " 07-10",
    "查看": " 584",
    "价格": " 20 猫币"
  },
  {
    "标题": "开课吧WEB全栈架构师【6期，9-12期】",
    "标题链接": "https://www.feimaoke.com/6067.html",
    "图片": "https://www.feimaoke.com/wp-content/uploads/2020/06/600-1.jpg",
    "时间": " 06-30",
    "查看": " 1210",
    "价格": " 20 猫币"
  },
  {
    "标题": "尚硅谷2020谷粒商城项目",
    "标题链接": "https://www.feimaoke.com/6062.html",
    "图片": "https://www.feimaoke.com/wp-content/uploads/2020/06/1912182c228c904668.jpg",
    "时间": " 06-30",
    "查看": " 816",
    "价格": " 20 猫币"
  },
  {
    "标题": "零基础学透 TypeScript",
    "标题链接": "https://www.feimaoke.com/6050.html",
    "图片": "https://www.feimaoke.com/wp-content/uploads/2020/06/5d5bd42b000185c402940333.jpg",
    "时间": " 06-30",
    "查看": " 344",
    "价格": " 10 猫币"
  },
  {
    "标题": "(毕设项目)Vue+Go前端后端一体化 企业级微服务网关项目",
    "标题链接": "https://www.feimaoke.com/6000.html",
    "图片": "https://www.feimaoke.com/wp-content/uploads/2020/06/5ea0118b0948c90a12000676-360-202.jpg",
    "时间": " 06-22",
    "查看": " 702",
    "价格": " 20 猫币"
  },
  {
    "标题": "2020年WEB全栈精英课程",
    "标题链接": "https://www.feimaoke.com/5985.html",
    "图片": "https://www.feimaoke.com/wp-content/uploads/2020/06/356.png",
    "时间": " 06-22",
    "查看": " 633",
    "价格": " 20 猫币"
  },
  {
    "标题": "前端要学的测试课 从Jest入门到TDD/BDD双实战",
    "标题链接": "https://www.feimaoke.com/5978.html",
    "图片": "https://www.feimaoke.com/wp-content/uploads/2020/06/5d36a6000837a91d06000338-360-202.jpg",
    "时间": " 06-22",
    "查看": " 296",
    "价格": " 20 猫币"
  },
  {
    "标题": "Spring Cloud + Vue 前后端分离  开发企业级在线视频课程系统",
    "标题链接": "https://www.feimaoke.com/5755.html",
    "图片": "https://www.feimaoke.com/wp-content/uploads/2020/06/5e8d3f4a08c81ed506000338-360-202.jpg",
    "时间": " 06-01",
    "查看": " 458",
    "价格": " 20 猫币"
  },
  {
    "标题": "高端Web全栈工程师精品就业实战班课程 从零打造Web架构师",
    "标题链接": "https://www.feimaoke.com/5752.html",
    "图片": "https://www.feimaoke.com/wp-content/uploads/2020/06/1.jpg",
    "时间": " 06-01",
    "查看": " 506",
    "价格": " 10 猫币"
  },
  {
    "标题": "网易前端开发工程师微专业",
    "标题链接": "https://www.feimaoke.com/5681.html",
    "图片": "https://www.feimaoke.com/wp-content/uploads/2020/05/87E00585CBBDF8C9CA6E3BB5952B02FC.jpg",
    "时间": " 05-25",
    "查看": " 417",
    "价格": " 10 猫币"
  },
  {
    "标题": "精通 Bootstrap 4 – 开发超强不解释",
    "标题链接": "https://www.feimaoke.com/5596.html",
    "图片": "https://www.feimaoke.com/wp-content/uploads/2020/05/bootstrap.jpg",
    "时间": " 05-18",
    "查看": " 356",
    "价格": " 10 猫币"
  },
  {
    "标题": "从零玩转Node.js",
    "标题链接": "https://www.feimaoke.com/5591.html",
    "图片": "https://www.feimaoke.com/wp-content/uploads/2020/05/1-5.jpg",
    "时间": " 05-18",
    "查看": " 377",
    "价格": " 10 猫币"
  },
  {
    "标题": "最新传智黑马前端，Java，Python, C++, IDEA全套课程资料大整合（基础+就业）",
    "标题链接": "https://www.feimaoke.com/5488.html",
    "图片": "https://www.feimaoke.com/wp-content/uploads/2020/05/1-5.png",
    "时间": " 05-12",
    "查看": " 1506",
    "价格": " 30 猫币"
  },
  {
    "标题": "最新大前端71期+资料",
    "标题链接": "https://www.feimaoke.com/5484.html",
    "图片": "https://www.feimaoke.com/wp-content/uploads/2020/05/2-44-300x152-1.png",
    "时间": " 05-12",
    "查看": " 984",
    "价格": " 20 猫币"
  },
  {
    "标题": "从零玩转BootStrap+项目实战",
    "标题链接": "https://www.feimaoke.com/5280.html",
    "图片": "https://www.feimaoke.com/wp-content/uploads/2020/04/49372d78-e9fb-453b-8864-57faceb4514d.png",
    "时间": " 04-30",
    "查看": " 272",
    "价格": " 10 猫币"
  },
  {
    "标题": "JS++不一样的前端开发学习之路",
    "标题链接": "https://www.feimaoke.com/5277.html",
    "图片": "https://www.feimaoke.com/wp-content/uploads/2020/04/1-4.jpg",
    "时间": " 04-30",
    "查看": " 302",
    "价格": " 10 猫币"
  },
  {
    "标题": "千锋-前端教程-ReactNative项目之美食App（2020首发）",
    "标题链接": "https://www.feimaoke.com/5186.html",
    "图片": "https://www.feimaoke.com/wp-content/uploads/2020/04/1587570034138914.png",
    "时间": " 04-25",
    "查看": " 312",
    "价格": " 10 猫币"
  },
  {
    "标题": "麦子学院 – JavaScript面向对象编程",
    "标题链接": "https://www.feimaoke.com/3823.html",
    "图片": "https://www.feimaoke.com/wp-content/themes/modown/static/img/thumbnail.png",
    "时间": " 04-20",
    "查看": " 261",
    "价格": " 10 猫币"
  },
  {
    "标题": "Vue2.5开发去哪儿网App 从零基础入门到实战项目",
    "标题链接": "https://www.feimaoke.com/3777.html",
    "图片": "https://www.feimaoke.com/wp-content/uploads/2020/04/5ac2dfe100014a9005400300-360-202.jpg",
    "时间": " 04-20",
    "查看": " 400",
    "价格": " 10 猫币"
  },
  {
    "标题": "【千锋】2020版腾讯小程序同构框架kbone教程（前沿技术）",
    "标题链接": "https://www.feimaoke.com/3131.html",
    "图片": "https://www.feimaoke.com/wp-content/uploads/2020/04/5e901115bff46.jpg",
    "时间": " 04-14",
    "查看": " 373",
    "价格": " 10 猫币"
  },
  {
    "标题": "【千锋】纯原生前端技术打造仿小米电商网站视频",
    "标题链接": "https://www.feimaoke.com/3063.html",
    "图片": "https://www.feimaoke.com/wp-content/themes/modown/static/img/thumbnail.png",
    "时间": " 04-09",
    "查看": " 478",
    "价格": " 10 猫币"
  },
  {
    "标题": "React+TypeScript高仿AntDesign开发企业级UI组件库",
    "标题链接": "https://www.feimaoke.com/2889.html",
    "图片": "https://www.feimaoke.com/wp-content/uploads/2020/04/5e6b4ede09bc3b4412000676-360-202.jpg",
    "时间": " 04-04",
    "查看": " 1780",
    "价格": " 20 猫币"
  },
  {
    "标题": "2020年最新黑马程序员-带你用vue开发微信小程序(完整资料)",
    "标题链接": "https://www.feimaoke.com/2881.html",
    "图片": "https://www.feimaoke.com/wp-content/themes/modown/static/img/thumbnail.png",
    "时间": " 04-04",
    "查看": " 818",
    "价格": " 10 猫币"
  },
  {
    "标题": "2020千锋Vue全套教程全开源视频教程",
    "标题链接": "https://www.feimaoke.com/2787.html",
    "图片": "https://www.feimaoke.com/wp-content/uploads/2020/03/8bb649d9f51140b792754bc59d76449a.jpg",
    "时间": " 03-30",
    "查看": " 447",
    "价格": " 10 猫币"
  },
  {
    "标题": "全新大前端开发探索实战课程 进击超火的的大前端开发技术",
    "标题链接": "https://www.feimaoke.com/2781.html",
    "图片": "https://www.feimaoke.com/wp-content/themes/modown/static/img/thumbnail.png",
    "时间": " 03-30",
    "查看": " 411",
    "价格": " 10 猫币"
  },
  {
    "标题": "TypeScript－系统入门到项目实战",
    "标题链接": "https://www.feimaoke.com/2736.html",
    "图片": "https://www.feimaoke.com/wp-content/uploads/2020/03/5e1d990f0885d97306000338-360-202.jpg",
    "时间": " 03-27",
    "查看": " 374",
    "价格": " 10 猫币"
  },
  {
    "标题": "Flutter 鲜花商城项目实战视频教程",
    "标题链接": "https://www.feimaoke.com/2703.html",
    "图片": "https://www.feimaoke.com/wp-content/uploads/2020/03/165315jax6v8m5p8vrf6p5.jpg",
    "时间": " 03-24",
    "查看": " 541",
    "价格": " 10 猫币"
  },
  {
    "标题": "Vue全家桶实战 从零独立开发企业级电商系统(免费升级Vue3.0)",
    "标题链接": "https://www.feimaoke.com/2671.html",
    "图片": "https://www.feimaoke.com/wp-content/uploads/2020/03/5de8adb00809bd4406000338-360-202.jpg",
    "时间": " 03-22",
    "查看": " 641",
    "价格": " 20 猫币"
  },
  {
    "标题": "百万级高并发WebRTC流媒体服务器设计与开发",
    "标题链接": "https://www.feimaoke.com/2641.html",
    "图片": "https://www.feimaoke.com/wp-content/uploads/2020/03/201056ejzsjhj15safgsje.png",
    "时间": " 03-21",
    "查看": " 769",
    "价格": " 30 猫币"
  },
  {
    "标题": "JavaScript玩转机器学习 打造你人生中的第一个AI项目",
    "标题链接": "https://www.feimaoke.com/2588.html",
    "图片": "https://www.feimaoke.com/wp-content/uploads/2020/03/5df8852609e0762d12000676-360-202.jpg",
    "时间": " 03-17",
    "查看": " 435",
    "价格": " 20 猫币"
  },
  {
    "标题": "Vue Element＋Node.js开发企业通用管理后台系统",
    "标题链接": "https://www.feimaoke.com/2536.html",
    "图片": "https://www.feimaoke.com/wp-content/uploads/2020/03/5dc9047a09bae31e12000676-360-202.jpg",
    "时间": " 03-13",
    "查看": " 478",
    "价格": " 25 猫币"
  },
  {
    "标题": "前端框架及项目面试－聚焦Vue、React、Webpack",
    "标题链接": "https://www.feimaoke.com/2532.html",
    "图片": "https://www.feimaoke.com/wp-content/uploads/2020/03/231604fgoaejlmzleq9gp9.jpg",
    "时间": " 03-13",
    "查看": " 572",
    "价格": " 20 猫币"
  },
  {
    "标题": "Docker前后端分离实战视频教程",
    "标题链接": "https://www.feimaoke.com/2518.html",
    "图片": "https://www.feimaoke.com/wp-content/themes/modown/static/img/thumbnail.png",
    "时间": " 03-13",
    "查看": " 272",
    "价格": " 10 猫币"
  },
  {
    "标题": "北京HTML5逆战班2020期视频教程",
    "标题链接": "https://www.feimaoke.com/2514.html",
    "图片": "https://www.feimaoke.com/wp-content/uploads/2020/03/1-117-300x190-1.png",
    "时间": " 03-13",
    "查看": " 653",
    "价格": " 10 猫币"
  },
  {
    "标题": "大前端：前端全栈加强版！前端全栈+全周期+多端（升级Vue3.0）",
    "标题链接": "https://www.feimaoke.com/2501.html",
    "图片": "https://www.feimaoke.com/wp-content/uploads/2020/03/5dbbdc8a0994688d06000338.jpg",
    "时间": " 03-12",
    "查看": " 3453",
    "价格": " 50 猫币"
  },
  {
    "标题": "Web全栈架构师第12期视频教程",
    "标题链接": "https://www.feimaoke.com/2414.html",
    "图片": "https://www.feimaoke.com/wp-content/themes/modown/static/img/thumbnail.png",
    "时间": " 03-03",
    "查看": " 989",
    "价格": " 10 猫币"
  },
  {
    "标题": "Webpack从入门到精通视频教程",
    "标题链接": "https://www.feimaoke.com/2353.html",
    "图片": "https://www.feimaoke.com/wp-content/themes/modown/static/img/thumbnail.png",
    "时间": " 02-24",
    "查看": " 267",
    "价格": " 10 猫币"
  },
  {
    "标题": "最新黑马 教你如何使用Taro进行多端统一开发",
    "标题链接": "https://www.feimaoke.com/401.html",
    "图片": "https://www.feimaoke.com/wp-content/themes/modown/static/img/thumbnail.png",
    "时间": " 02-08",
    "查看": " 427",
    "价格": " 10 猫币"
  },
  {
    "标题": "千锋Web前端Taro开发框架视频",
    "标题链接": "https://www.feimaoke.com/399.html",
    "图片": "https://www.feimaoke.com/wp-content/themes/modown/static/img/thumbnail.png",
    "时间": " 02-08",
    "查看": " 333",
    "价格": " 10 猫币"
  },
  {
    "标题": "Web全栈架构师第11期视频教程",
    "标题链接": "https://www.feimaoke.com/397.html",
    "图片": "https://www.feimaoke.com/wp-content/themes/modown/static/img/thumbnail.png",
    "时间": " 02-08",
    "查看": " 698",
    "价格": " 10 猫币"
  },
  {
    "标题": "Uni-App实战社区交友类App开发视频教程",
    "标题链接": "https://www.feimaoke.com/394.html",
    "图片": "https://www.feimaoke.com/wp-content/uploads/2020/02/11d83c096bec414e8bdf7c4b311186a9.png",
    "时间": " 02-08",
    "查看": " 711",
    "价格": " 10 猫币"
  },
  {
    "标题": "开课第1期Web全栈架构师对标百度",
    "标题链接": "https://www.feimaoke.com/392.html",
    "图片": "https://www.feimaoke.com/wp-content/themes/modown/static/img/thumbnail.png",
    "时间": " 02-08",
    "查看": " 263",
    "价格": " 10 猫币"
  },
  {
    "标题": "2019六星前端基础课程（Html+Css+Javascript+Vue）",
    "标题链接": "https://www.feimaoke.com/390.html",
    "图片": "https://www.feimaoke.com/wp-content/themes/modown/static/img/thumbnail.png",
    "时间": " 02-08",
    "查看": " 290",
    "价格": " 10 猫币"
  },
  {
    "标题": "2019尚硅谷前端Git视频教程",
    "标题链接": "https://www.feimaoke.com/387.html",
    "图片": "https://www.feimaoke.com/wp-content/uploads/2020/02/2352.png",
    "时间": " 02-08",
    "查看": " 283",
    "价格": " 10 猫币"
  },
  {
    "标题": "2019年8月开课TypeScript实战教程",
    "标题链接": "https://www.feimaoke.com/385.html",
    "图片": "https://www.feimaoke.com/wp-content/themes/modown/static/img/thumbnail.png",
    "时间": " 02-08",
    "查看": " 259",
    "价格": " 10 猫币"
  },
  {
    "标题": "Vue.js顶尖高手特训营",
    "标题链接": "https://www.feimaoke.com/382.html",
    "图片": "https://www.feimaoke.com/wp-content/uploads/2020/02/600-2.png",
    "时间": " 02-08",
    "查看": " 389",
    "价格": " 10 猫币"
  },
  {
    "标题": "Flutter 移动应用开发实战 （开发你自己的抖音APP）",
    "标题链接": "https://www.feimaoke.com/379.html",
    "图片": "https://www.feimaoke.com/wp-content/uploads/2020/02/31d8c2f712724e1db225841acd925052.png",
    "时间": " 02-08",
    "查看": " 273",
    "价格": " 10 猫币"
  },
  {
    "标题": "5G时代必备技能 音视频WebRTC实时互动直播技术入门与实战",
    "标题链接": "https://www.feimaoke.com/376.html",
    "图片": "https://www.feimaoke.com/wp-content/uploads/2020/02/5c9dfe8d08cfab1106000338-360-202.jpg",
    "时间": " 02-08",
    "查看": " 271",
    "价格": " 10 猫币"
  },
  {
    "标题": "达内教育《2019年达内培训最新Web前端》",
    "标题链接": "https://www.feimaoke.com/374.html",
    "图片": "https://www.feimaoke.com/wp-content/themes/modown/static/img/thumbnail.png",
    "时间": " 02-08",
    "查看": " 438",
    "价格": " 10 猫币"
  },
  {
    "标题": "最新前端6天高薪训练营视频",
    "标题链接": "https://www.feimaoke.com/372.html",
    "图片": "https://www.feimaoke.com/wp-content/themes/modown/static/img/thumbnail.png",
    "时间": " 02-08",
    "查看": " 266",
    "价格": " 10 猫币"
  },
  {
    "标题": "2019微专业初级前端开发工程师教程",
    "标题链接": "https://www.feimaoke.com/368.html",
    "图片": "https://www.feimaoke.com/wp-content/uploads/2020/02/1-125-300x90-1.png",
    "时间": " 02-08",
    "查看": " 307",
    "价格": " 10 猫币"
  },
  {
    "标题": "2019 JCYD- Web全栈课程",
    "标题链接": "https://www.feimaoke.com/366.html",
    "图片": "https://www.feimaoke.com/wp-content/themes/modown/static/img/thumbnail.png",
    "时间": " 02-08",
    "查看": " 227",
    "价格": " 10 猫币"
  },
  {
    "标题": "最新JavaScript培训视频教程(前鹅厂大牛)",
    "标题链接": "https://www.feimaoke.com/364.html",
    "图片": "https://www.feimaoke.com/wp-content/themes/modown/static/img/thumbnail.png",
    "时间": " 02-08",
    "查看": " 266",
    "价格": " 10 猫币"
  },
  {
    "标题": "谷粒学院AngularJS入门到应用视频教程",
    "标题链接": "https://www.feimaoke.com/362.html",
    "图片": "https://www.feimaoke.com/wp-content/themes/modown/static/img/thumbnail.png",
    "时间": " 02-08",
    "查看": " 190",
    "价格": " 10 猫币"
  },
  {
    "标题": "Egret白鹭 – H5游戏开发入门视频课程",
    "标题链接": "https://www.feimaoke.com/360.html",
    "图片": "https://www.feimaoke.com/wp-content/themes/modown/static/img/thumbnail.png",
    "时间": " 02-08",
    "查看": " 202",
    "价格": " 10 猫币"
  },
  {
    "标题": "前端全栈项目在线教育平台开发",
    "标题链接": "https://www.feimaoke.com/358.html",
    "图片": "https://www.feimaoke.com/wp-content/themes/modown/static/img/thumbnail.png",
    "时间": " 02-08",
    "查看": " 235",
    "价格": " 10 猫币"
  },
  {
    "标题": "最新 2019 Web前端工程师体系培训教程",
    "标题链接": "https://www.feimaoke.com/356.html",
    "图片": "https://www.feimaoke.com/wp-content/themes/modown/static/img/thumbnail.png",
    "时间": " 02-08",
    "查看": " 249",
    "价格": " 10 猫币"
  },
  {
    "标题": "混合开发方案打造商城移动端APP",
    "标题链接": "https://www.feimaoke.com/354.html",
    "图片": "https://www.feimaoke.com/wp-content/uploads/2020/02/1006405d803fb0df28eOXxdYk.png-pro_thumb.png",
    "时间": " 02-08",
    "查看": " 217",
    "价格": " 10 猫币"
  },
  {
    "标题": "最新Web前端Vue从入门到大神视频教程",
    "标题链接": "https://www.feimaoke.com/344.html",
    "图片": "https://www.feimaoke.com/wp-content/themes/modown/static/img/thumbnail.png",
    "时间": " 02-07",
    "查看": " 269",
    "价格": " 10 猫币"
  },
  {
    "标题": "自动化构建工具Grunt轻松上手",
    "标题链接": "https://www.feimaoke.com/341.html",
    "图片": "https://www.feimaoke.com/wp-content/uploads/2020/02/154953120519335731.png",
    "时间": " 02-07",
    "查看": " 188",
    "价格": " 10 猫币"
  },
  {
    "标题": "JavaScript 设计模式精讲",
    "标题链接": "https://www.feimaoke.com/338.html",
    "图片": "https://www.feimaoke.com/wp-content/uploads/2020/02/CCD232CE89C2F94504D0C3CC538B9172.png",
    "时间": " 02-07",
    "查看": " 245",
    "价格": " 10 猫币"
  },
  {
    "标题": "最新6小时TypeScript精讲",
    "标题链接": "https://www.feimaoke.com/336.html",
    "图片": "https://www.feimaoke.com/wp-content/themes/modown/static/img/thumbnail.png",
    "时间": " 02-07",
    "查看": " 219",
    "价格": " 10 猫币"
  },
  {
    "标题": "Angular8从基础到项目实战打造拼多多WebApp实战",
    "标题链接": "https://www.feimaoke.com/333.html",
    "图片": "https://www.feimaoke.com/wp-content/uploads/2020/02/5cf8c8ad087a447906000338-360-202.jpg",
    "时间": " 02-07",
    "查看": " 691",
    "价格": " 10 猫币"
  },
  {
    "标题": "React16.8+Next.Js+Koa2打造仿Github全栈项目",
    "标题链接": "https://www.feimaoke.com/331.html",
    "图片": "https://www.feimaoke.com/wp-content/themes/modown/static/img/thumbnail.png",
    "时间": " 02-07",
    "查看": " 425",
    "价格": " 10 猫币"
  },
  {
    "标题": "2019最新Web全栈架构师第九期视频教程",
    "标题链接": "https://www.feimaoke.com/327.html",
    "图片": "https://www.feimaoke.com/wp-content/themes/modown/static/img/thumbnail.png",
    "时间": " 02-07",
    "查看": " 227",
    "价格": " 10 猫币"
  },
  {
    "标题": "珠峰Javascrip+移动端 视频教程",
    "标题链接": "https://www.feimaoke.com/325.html",
    "图片": "https://www.feimaoke.com/wp-content/themes/modown/static/img/thumbnail.png",
    "时间": " 02-07",
    "查看": " 402",
    "价格": " 10 猫币"
  },
  {
    "标题": "Node.Js爬虫开发抓取网络平台项目班（4期）",
    "标题链接": "https://www.feimaoke.com/323.html",
    "图片": "https://www.feimaoke.com/wp-content/themes/modown/static/img/thumbnail.png",
    "时间": " 02-07",
    "查看": " 202",
    "价格": " 10 猫币"
  },
  {
    "标题": "Vue.Js 实战开发特训班",
    "标题链接": "https://www.feimaoke.com/321.html",
    "图片": "https://www.feimaoke.com/wp-content/themes/modown/static/img/thumbnail.png",
    "时间": " 02-07",
    "查看": " 236",
    "价格": " 10 猫币"
  },
  {
    "标题": "学习JQuery源码系列之逐行分析JQuery源码的奥秘",
    "标题链接": "https://www.feimaoke.com/319.html",
    "图片": "https://www.feimaoke.com/wp-content/themes/modown/static/img/thumbnail.png",
    "时间": " 02-07",
    "查看": " 210",
    "价格": " 10 猫币"
  },
  {
    "标题": "基于TypeScript从零重构axios",
    "标题链接": "https://www.feimaoke.com/317.html",
    "图片": "https://www.feimaoke.com/wp-content/themes/modown/static/img/thumbnail.png",
    "时间": " 02-07",
    "查看": " 928",
    "价格": " 10 猫币"
  },
  {
    "标题": "Node.js+Koa2 从0到1打造超好用Web框架",
    "标题链接": "https://www.feimaoke.com/314.html",
    "图片": "https://www.feimaoke.com/wp-content/uploads/2020/02/5ccec7ba08430b1d06000338-360-202.jpg",
    "时间": " 02-07",
    "查看": " 258",
    "价格": " 10 猫币"
  },
  {
    "标题": "2019最新诱人的 TypeScript 视频教程",
    "标题链接": "https://www.feimaoke.com/312.html",
    "图片": "https://www.feimaoke.com/wp-content/themes/modown/static/img/thumbnail.png",
    "时间": " 02-07",
    "查看": " 167",
    "价格": " 10 猫币"
  },
  {
    "标题": "云课堂Uni-App实战仿糗事百科App开发",
    "标题链接": "https://www.feimaoke.com/307.html",
    "图片": "https://www.feimaoke.com/wp-content/uploads/2020/02/360%E6%88%AA%E5%9B%BE-903890687.png",
    "时间": " 02-07",
    "查看": " 318",
    "价格": " 10 猫币"
  },
  {
    "标题": "前端开发常用的库—Bootstrap",
    "标题链接": "https://www.feimaoke.com/305.html",
    "图片": "https://www.feimaoke.com/wp-content/themes/modown/static/img/thumbnail.png",
    "时间": " 02-07",
    "查看": " 177",
    "价格": " 10 猫币"
  },
  {
    "标题": "千锋Web前端页面制作快速入门",
    "标题链接": "https://www.feimaoke.com/303.html",
    "图片": "https://www.feimaoke.com/wp-content/themes/modown/static/img/thumbnail.png",
    "时间": " 02-07",
    "查看": " 187",
    "价格": " 10 猫币"
  },
  {
    "标题": "2019最新大神带你重学前端教程",
    "标题链接": "https://www.feimaoke.com/301.html",
    "图片": "https://www.feimaoke.com/wp-content/themes/modown/static/img/thumbnail.png",
    "时间": " 02-07",
    "查看": " 214",
    "价格": " 10 猫币"
  },
  {
    "标题": "TX课堂ES6 Javascript最全最新讲解",
    "标题链接": "https://www.feimaoke.com/298.html",
    "图片": "https://www.feimaoke.com/wp-content/themes/modown/static/img/thumbnail.png",
    "时间": " 02-07",
    "查看": " 239",
    "价格": " 10 猫币"
  },
  {
    "标题": "全栈大前端（爱前端2018）视频教程",
    "标题链接": "https://www.feimaoke.com/296.html",
    "图片": "https://www.feimaoke.com/wp-content/themes/modown/static/img/thumbnail.png",
    "时间": " 02-07",
    "查看": " 234",
    "价格": " 10 猫币"
  },
  {
    "标题": "前端 VIP系统班教程 从基础到项目的就业班",
    "标题链接": "https://www.feimaoke.com/294.html",
    "图片": "https://www.feimaoke.com/wp-content/themes/modown/static/img/thumbnail.png",
    "时间": " 02-07",
    "查看": " 166",
    "价格": " 10 猫币"
  },
  {
    "标题": "麦子玩转NodeJs之前后端分离博客系统实战",
    "标题链接": "https://www.feimaoke.com/292.html",
    "图片": "https://www.feimaoke.com/wp-content/themes/modown/static/img/thumbnail.png",
    "时间": " 02-07",
    "查看": " 166",
    "价格": " 10 猫币"
  },
  {
    "标题": "最新Angular7.X课程",
    "标题链接": "https://www.feimaoke.com/290.html",
    "图片": "https://www.feimaoke.com/wp-content/themes/modown/static/img/thumbnail.png",
    "时间": " 02-07",
    "查看": " 216",
    "价格": " 10 猫币"
  },
  {
    "标题": "尚硅谷前端学科全套视频教程",
    "标题链接": "https://www.feimaoke.com/288.html",
    "图片": "https://www.feimaoke.com/wp-content/themes/modown/static/img/thumbnail.png",
    "时间": " 02-07",
    "查看": " 407",
    "价格": " 10 猫币"
  },
  {
    "标题": "渡大神的Web开发视频教程合集",
    "标题链接": "https://www.feimaoke.com/286.html",
    "图片": "https://www.feimaoke.com/wp-content/themes/modown/static/img/thumbnail.png",
    "时间": " 02-07",
    "查看": " 303",
    "价格": " 10 猫币"
  },
  {
    "标题": "2019尚硅谷React全栈项目谷粒后台实战",
    "标题链接": "https://www.feimaoke.com/282.html",
    "图片": "https://www.feimaoke.com/wp-content/uploads/2020/02/1-4-300x184-1.png",
    "时间": " 02-07",
    "查看": " 400",
    "价格": " 10 猫币"
  },
  {
    "标题": "React全栈+服务器渲染（Ssr）开发社区应用",
    "标题链接": "https://www.feimaoke.com/278.html",
    "图片": "https://www.feimaoke.com/wp-content/uploads/2020/02/3-7-300x168-1.jpg",
    "时间": " 02-07",
    "查看": " 202",
    "价格": " 10 猫币"
  },
  {
    "标题": "2019 Web全栈架构师系列公开课教程",
    "标题链接": "https://www.feimaoke.com/276.html",
    "图片": "https://www.feimaoke.com/wp-content/themes/modown/static/img/thumbnail.png",
    "时间": " 02-07",
    "查看": " 177",
    "价格": " 10 猫币"
  },
  {
    "标题": "2019最新WEB全栈架构师第八期视频教程",
    "标题链接": "https://www.feimaoke.com/274.html",
    "图片": "https://www.feimaoke.com/wp-content/themes/modown/static/img/thumbnail.png",
    "时间": " 02-07",
    "查看": " 169",
    "价格": " 10 猫币"
  },
  {
    "标题": "经典模块化前端框架Layui入门",
    "标题链接": "https://www.feimaoke.com/272.html",
    "图片": "https://www.feimaoke.com/wp-content/themes/modown/static/img/thumbnail.png",
    "时间": " 02-07",
    "查看": " 178",
    "价格": " 10 猫币"
  },
  {
    "标题": "最新爱前端WEB全栈大前端视频教程",
    "标题链接": "https://www.feimaoke.com/270.html",
    "图片": "https://www.feimaoke.com/wp-content/themes/modown/static/img/thumbnail.png",
    "时间": " 02-07",
    "查看": " 209",
    "价格": " 10 猫币"
  },
  {
    "标题": "2019 React服务器端渲染-NextJS实战视频教程（13集）",
    "标题链接": "https://www.feimaoke.com/268.html",
    "图片": "https://www.feimaoke.com/wp-content/themes/modown/static/img/thumbnail.png",
    "时间": " 02-07",
    "查看": " 266",
    "价格": " 10 猫币"
  },
  {
    "标题": "妙味Vue视频教程",
    "标题链接": "https://www.feimaoke.com/266.html",
    "图片": "https://www.feimaoke.com/wp-content/themes/modown/static/img/thumbnail.png",
    "时间": " 02-07",
    "查看": " 214",
    "价格": " 10 猫币"
  },
  {
    "标题": "2019 VUE服务器端渲染-NUXT实战视频（14集）",
    "标题链接": "https://www.feimaoke.com/261.html",
    "图片": "https://www.feimaoke.com/wp-content/uploads/2020/02/e8d525ef8ac341888a4db78a958b5fa3.jpg",
    "时间": " 02-07",
    "查看": " 205",
    "价格": " 10 猫币"
  },
  {
    "标题": "React实战:设计模式和最佳实践教程",
    "标题链接": "https://www.feimaoke.com/258.html",
    "图片": "https://www.feimaoke.com/wp-content/uploads/2020/02/360%E6%88%AA%E5%9B%BE-896802375.png",
    "时间": " 02-07",
    "查看": " 299",
    "价格": " 10 猫币"
  },
  {
    "标题": "React开发CNode项目实战",
    "标题链接": "https://www.feimaoke.com/254.html",
    "图片": "https://www.feimaoke.com/wp-content/uploads/2020/02/600-1.jpg",
    "时间": " 02-07",
    "查看": " 265",
    "价格": " 10 猫币"
  },
  {
    "标题": "uni-app商业级应用实战",
    "标题链接": "https://www.feimaoke.com/249.html",
    "图片": "https://www.feimaoke.com/wp-content/uploads/2020/02/600-1.png",
    "时间": " 02-07",
    "查看": " 344",
    "价格": " 10 猫币"
  },
  {
    "标题": "React入门实战",
    "标题链接": "https://www.feimaoke.com/247.html",
    "图片": "https://www.feimaoke.com/wp-content/themes/modown/static/img/thumbnail.png",
    "时间": " 02-07",
    "查看": " 247",
    "价格": " 10 猫币"
  },
  {
    "标题": "React16.8+Redux 企业级项目实战",
    "标题链接": "https://www.feimaoke.com/244.html",
    "图片": "https://www.feimaoke.com/wp-content/uploads/2020/02/872accdb24fd50c6c513349e581a5838.jpg",
    "时间": " 02-07",
    "查看": " 230",
    "价格": " 10 猫币"
  },
  {
    "标题": "撩课-React核心技术-全家桶精讲",
    "标题链接": "https://www.feimaoke.com/240.html",
    "图片": "https://www.feimaoke.com/wp-content/uploads/2020/02/344821deed7a499e9dbbb471e281c86d.jpg",
    "时间": " 02-07",
    "查看": " 280",
    "价格": " 10 猫币"
  },
  {
    "标题": "撩课Vue2.X+Node.Js 拼多多商城项目实战",
    "标题链接": "https://www.feimaoke.com/238.html",
    "图片": "https://www.feimaoke.com/wp-content/themes/modown/static/img/thumbnail.png",
    "时间": " 02-07",
    "查看": " 224",
    "价格": " 10 猫币"
  },
  {
    "标题": "前端开发高级进阶深入讲解React源码",
    "标题链接": "https://www.feimaoke.com/236.html",
    "图片": "https://www.feimaoke.com/wp-content/themes/modown/static/img/thumbnail.png",
    "时间": " 02-07",
    "查看": " 435",
    "价格": " 10 猫币"
  },
  {
    "标题": "智能社石川 Nodejs+WebSocket+Html5 全栈VIP正式课",
    "标题链接": "https://www.feimaoke.com/234.html",
    "图片": "https://www.feimaoke.com/wp-content/themes/modown/static/img/thumbnail.png",
    "时间": " 02-07",
    "查看": " 405",
    "价格": " 10 猫币"
  },
  {
    "标题": "Uni-App实战教程 – 《悦读》项目实战",
    "标题链接": "https://www.feimaoke.com/204.html",
    "图片": "https://www.feimaoke.com/wp-content/uploads/2020/02/600.png",
    "时间": " 02-07",
    "查看": " 671",
    "价格": " 10 猫币"
  },
  {
    "标题": "Vue.JS作者尤雨溪亲自讲解VUE源码和高级特性",
    "标题链接": "https://www.feimaoke.com/184.html",
    "图片": "https://www.feimaoke.com/wp-content/themes/modown/static/img/thumbnail.png",
    "时间": " 02-07",
    "查看": " 393",
    "价格": " 10 猫币"
  },
  {
    "标题": "Vue2.X实战项目(Axios路由Vuex)",
    "标题链接": "https://www.feimaoke.com/199.html",
    "图片": "https://www.feimaoke.com/wp-content/uploads/2020/02/360%E6%88%AA%E5%9B%BE-883470890.png",
    "时间": " 02-07",
    "查看": " 228",
    "价格": " 10 猫币"
  },
  {
    "标题": "尚硅谷前端React开发硅谷直聘项目实战",
    "标题链接": "https://www.feimaoke.com/197.html",
    "图片": "https://www.feimaoke.com/wp-content/themes/modown/static/img/thumbnail.png",
    "时间": " 02-07",
    "查看": " 239",
    "价格": " 10 猫币"
  },
  {
    "标题": "Web前端高级全栈工程师高薪特训班",
    "标题链接": "https://www.feimaoke.com/193.html",
    "图片": "https://www.feimaoke.com/wp-content/themes/modown/static/img/thumbnail.png",
    "时间": " 02-07",
    "查看": " 256",
    "价格": " 10 猫币"
  },
  {
    "标题": "撩课JavaScript高级与设计模式精讲课程",
    "标题链接": "https://www.feimaoke.com/190.html",
    "图片": "https://www.feimaoke.com/wp-content/uploads/2020/02/600.jpg",
    "时间": " 02-07",
    "查看": " 262",
    "价格": " 10 猫币"
  },
  {
    "标题": "最新4小时TypeScript精讲视频教程（大地）",
    "标题链接": "https://www.feimaoke.com/186.html",
    "图片": "https://www.feimaoke.com/wp-content/themes/modown/static/img/thumbnail.png",
    "时间": " 02-07",
    "查看": " 204",
    "价格": " 10 猫币"
  },
  {
    "标题": "WebGL和Three.Js精通课程一门通",
    "标题链接": "https://www.feimaoke.com/152.html",
    "图片": "https://www.feimaoke.com/wp-content/uploads/2020/02/185434qo3iqjnscmk6w6vo.jpg",
    "时间": " 02-05",
    "查看": " 268",
    "价格": " 10 猫币"
  },
  {
    "标题": "Vue技术栈开发实战(26课时)",
    "标题链接": "https://www.feimaoke.com/147.html",
    "图片": "https://www.feimaoke.com/wp-content/uploads/2020/02/173542c3367kerellm4mvk.png",
    "时间": " 02-05",
    "查看": " 307",
    "价格": " 10 猫币"
  },
  {
    "标题": "Vue2.5 WeChat Reading项目实战视频教程",
    "标题链接": "https://www.feimaoke.com/44.html",
    "图片": "https://www.feimaoke.com/wp-content/themes/modown/static/img/thumbnail.png",
    "时间": " 02-03",
    "查看": " 535",
    "价格": " 10 猫币"
  },
  {
    "标题": "阿里混合App开发框架Weex视频教程",
    "标题链接": "https://www.feimaoke.com/42.html",
    "图片": "https://www.feimaoke.com/wp-content/themes/modown/static/img/thumbnail.png",
    "时间": " 02-03",
    "查看": " 548",
    "价格": " 10 猫币"
  },
  {
    "标题": "黑马Vue.Js视频教程",
    "标题链接": "https://www.feimaoke.com/39.html",
    "图片": "https://www.feimaoke.com/wp-content/themes/modown/static/img/thumbnail.png",
    "时间": " 02-03",
    "查看": " 572",
    "价格": " 10 猫币"
  },
  {
    "标题": "基于Taro多端框架快速开发小程序 H5 教程",
    "标题链接": "https://www.feimaoke.com/1.html",
    "图片": "https://www.feimaoke.com/wp-content/uploads/2020/02/4-15-300x223-1.png",
    "时间": " 02-02",
    "查看": " 1163",
    "价格": " 10 猫币"
  }
]